Spring_DOUBLE_26_1,Spring_DOUBLE_24_1,Spring_DOUBLE_46_1,Spring_DOUBLE_377_1,Spring_DOUBLE_377_3,sigma 1,sigma 2,sigma 3,sigma 4,sigma 5,solutionNumber,parent,tournament Number,fuel use,MAE,test suite execution time,wasFitter,battery level,extra info,immigration time,joules
0.0009999999999999998,0.06399999999999999,0.005,1.0,2.0,1.0,1.0,1.0,1.0,1.0,0,-1,1,7574,0.0,98.141006,False,98,,-1.0,100.88568
0.0009999999999999998,0.06399999999999999,0.3586649122203113,1.0,2.0,1.0,1.0,0.8084416116747403,1.0,1.0,2,nexus 6.M.0,1,6263,1.274965980916279e-05,82.475998,True,99,,-1.0,83.42316000000001
0.0009999999999999998,0.06399999999999999,0.3586649122203113,1.0,2.0,1.0,1.0,0.8084416116747403,1.0,1.0,2,nexus 6.M.0,2,6283,1.274965980916279e-05,81.601997,True,97,,-1.0,83.68956000000001
0.0009999999999999998,0.06399999999999999,0.3586649122203113,1.0,1.815669612890237,1.0,1.0,0.8084416116747403,1.0,0.8274847334922282,6,nexus 6.M.2,2,6403,0.3447317372178365,82.08800500000001,False,98,,-1.0,85.28796
0.0009999999999999998,0.06399999999999999,0.3586649122203113,1.0,2.0,1.0,1.0,0.8084416116747403,1.0,1.0,2,nexus 6.M.0,3,6400,1.274965980916279e-05,80.17199699999999,False,96,,-1.0,85.248
0.0009999999999999998,0.06399999999999999,0.3586649122203113,1.0,2.096756223545419,1.0,1.0,0.8084416116747403,1.0,1.308528366656815,8,nexus 6.M.2,3,6233,0.1547305764760058,82.347,True,97,,-1.0,83.02355999999999
0.0009999999999999998,0.06399999999999999,0.3586649122203113,1.0,2.096756223545419,1.0,1.0,0.8084416116747403,1.0,1.308528366656815,8,nexus 6.M.2,4,6164,0.1547305764760058,80.064003,False,95,,-1.0,82.10448
0.0009999999999999998,0.06399999999999999,0.3586649122203113,1.0,2.199064529617659,1.0,1.0,0.8084416116747403,1.0,1.311926481053194,13,nexus 6.M.8,4,5849,0.297685651542232,73.677002,True,95,,-1.0,77.90868
0.0009999999999999998,0.06399999999999999,0.3586649122203113,1.0,2.199064529617659,1.0,1.0,0.8084416116747403,1.0,1.311926481053194,13,nexus 6.M.8,5,5815,0.297685651542232,75.422997,True,94,,-1.0,77.45580000000001
0.0009999999999999998,0.06399999999999999,0.5793875682438667,1.0,2.199064529617659,1.0,1.0,1.136321637634248,1.0,1.311926481053194,17,nexus 6.M.13,5,5936,0.2863167107769479,75.445999,False,95,,-1.0,79.06752
0.0009999999999999998,0.06399999999999999,0.3586649122203113,1.0,2.199064529617659,1.0,1.0,0.8084416116747403,1.0,1.311926481053194,13,nexus 6.M.8,6,5724,0.297685651542232,73.540001,True,94,,-1.0,76.24368
0.0009999999999999998,0.8647916748659951,0.3586649122203113,1.0,2.199064529617659,1.0,0.7314505418584748,0.8084416116747403,1.0,1.311926481053194,19,nexus 6.M.13,6,5842,0.297685651542232,73.856995,False,94,,-1.0,77.81544
0.0009999999999999998,0.06399999999999999,0.3586649122203113,1.0,2.199064529617659,1.0,1.0,0.8084416116747403,1.0,1.311926481053194,13,nexus 6.M.8,7,5796,0.297685651542232,72.499001,True,93,,-1.0,77.20272
0.0009999999999999998,0.06399999999999999,0.3586649122203113,1.0,1.660508227893466,1.0,1.0,0.8084416116747403,1.0,1.284309478248432,20,nexus 6.M.13,7,7227,0.7145303297306217,92.656998,False,93,,-1.0,96.26364000000001
0.0009999999999999998,0.06399999999999999,0.3586649122203113,1.0,2.199064529617659,1.0,1.0,0.8084416116747403,1.0,1.311926481053194,13,nexus 6.M.8,8,5795,0.297685651542232,72.876999,True,92,,-1.0,77.1894
0.0009999999999999998,0.06399999999999999,1.456479357786642,0.5227168660230874,3.855269400147992,1.0,1.0,0.5914444532958146,0.9526677128001668,1.257110370159646,26,nexus 6.M.13,8,6997,0.9172007220381408,90.08000200000001,False,93,,-1.0,93.20004
0.0009999999999999998,0.06399999999999999,0.3586649122203113,1.0,2.199064529617659,1.0,1.0,0.8084416116747403,1.0,1.311926481053194,13,nexus 6.M.8,9,6033,0.297685651542232,74.391998,True,92,,-1.0,80.35956
0.0009999999999999998,0.06399999999999999,0.3586649122203113,1.0,1.825686897863769,1.0,1.0,0.8084416116747403,1.0,1.506466123531029,27,nexus 6.M.13,9,6798,0.3249694455331991,83.801994,False,92,,-1.0,90.54936000000001
0.0009999999999999998,0.06399999999999999,0.3586649122203113,1.0,2.199064529617659,1.0,1.0,0.8084416116747403,1.0,1.311926481053194,13,nexus 6.M.8,10,5859,0.297685651542232,73.808998,True,91,,-1.0,78.04188
0.0009999999999999998,0.3525591085242951,0.3586649122203113,1.0,2.199064529617659,1.0,0.7453087891355089,0.8084416116747403,1.0,1.311926481053194,30,nexus 6.M.13,10,5904,0.297685651542232,74.969002,False,91,,-1.0,78.64128000000001
0.0009999999999999998,0.06399999999999999,0.3586649122203113,1.0,2.199064529617659,1.0,1.0,0.8084416116747403,1.0,1.311926481053194,13,nexus 6.M.8,11,5879,0.297685651542232,74.581001,False,90,,-1.0,78.30828
0.0009999999999999998,0.06399999999999999,0.3586649122203113,1.186131149354956,2.199064529617659,1.0,1.0,0.8084416116747403,1.340843529677091,1.311926481053194,31,nexus 6.M.13,11,5642,0.8876121784782648,70.253998,True,90,,-1.0,75.15144000000001
0.0009999999999999998,0.06399999999999999,0.3586649122203113,1.186131149354956,2.199064529617659,1.0,1.0,0.8084416116747403,1.340843529677091,1.311926481053194,31,nexus 6.M.13,12,5610,0.8876121784782648,68.861,True,89,,-1.0,74.7252
0.0009999999999999998,0.06399999999999999,1.150658218639112,1.186131149354956,2.199064529617659,1.0,1.0,0.9467301928797376,1.340843529677091,1.311926481053194,36,nexus 6.M.31,12,5628,0.7735316853977757,67.337997,False,89,,-1.0,74.96496
0.0009999999999999998,0.06399999999999999,0.3586649122203113,1.186131149354956,2.199064529617659,1.0,1.0,0.8084416116747403,1.340843529677091,1.311926481053194,31,nexus 6.M.13,13,5613,0.8876121784782648,69.281006,True,88,,-1.0,74.76516000000001
0.0009999999999999998,2.16960977093662,0.3586649122203113,1.186131149354956,2.199064529617659,1.0,1.74377122295088,0.8084416116747403,1.340843529677091,1.311926481053194,37,nexus 6.M.31,13,5661,0.8876121784782648,68.946999,False,89,,-1.0,75.40452
0.0009999999999999998,0.06399999999999999,0.3586649122203113,1.186131149354956,2.199064529617659,1.0,1.0,0.8084416116747403,1.340843529677091,1.311926481053194,31,nexus 6.M.13,14,5615,0.8876121784782648,70.175995,False,87,,-1.0,74.79180000000001
0.0009999999999999998,0.06399999999999999,0.9084989979148873,1.186131149354956,2.199064529617659,1.0,1.0,0.8768258920426742,1.340843529677091,1.311926481053194,41,nexus 6.M.31,14,5412,0.8114478413021222,67.849998,True,88,,-1.0,72.08784
0.0009999999999999998,0.06399999999999999,0.9084989979148873,1.186131149354956,2.199064529617659,1.0,1.0,0.8768258920426742,1.340843529677091,1.311926481053194,41,nexus 6.M.31,15,5712,0.8114478413021222,69.84000400000001,True,86,,-1.0,76.08384000000001
0.0009999999999999998,0.06399999999999999,0.2069306277092941,1.794656328353091,0.7393805533161667,1.0,1.0,0.8193176352821366,1.193546832593454,1.138357656265853,52,nexus 6.M.41,15,6478,0.2001998820753066,79.802002,False,86,,-1.0,86.28696
0.0009999999999999998,0.06399999999999999,0.9084989979148873,1.186131149354956,2.199064529617659,1.0,1.0,0.8768258920426742,1.340843529677091,1.311926481053194,41,nexus 6.M.31,16,5454,0.8114478413021222,67.178001,True,85,,-1.0,72.64728000000001
0.0009999999999999998,0.982591720441213,0.36004379500571,1.186131149354956,1.405803115845298,1.0,1.037243953617664,0.9554003720907219,1.340843529677091,0.9528236738934432,55,nexus 6.M.41,16,6746,0.2705547186385751,81.91999799999999,False,85,,-1.0,89.85672000000001
0.0009999999999999998,0.06399999999999999,0.9084989979148873,1.186131149354956,2.199064529617659,1.0,1.0,0.8768258920426742,1.340843529677091,1.311926481053194,41,nexus 6.M.31,17,5583,0.8114478413021222,67.556,True,84,,-1.0,74.36556
0.0009999999999999998,0.06399999999999999,1.056994610347451,1.186131149354956,2.199064529617659,1.0,1.0,0.7783801515366878,1.340843529677091,1.311926481053194,58,nexus 6.M.41,17,5882,0.7735316853977757,70.514,False,84,,-1.0,78.34823999999999
0.0009999999999999998,0.06399999999999999,0.9084989979148873,1.186131149354956,2.199064529617659,1.0,1.0,0.8768258920426742,1.340843529677091,1.311926481053194,41,nexus 6.M.31,18,5781,0.8114478413021222,68.997002,False,83,,-1.0,77.00292
0.0009999999999999998,0.06399999999999999,0.9084989979148873,1.186131149354956,2.509213440781442,1.0,1.0,0.8768258920426742,1.340843529677091,1.338691662075334,60,nexus 6.M.41,18,5012,0.982395625780198,61.251999,True,84,,-1.0,66.75984
0.0009999999999999998,0.06399999999999999,0.9084989979148873,1.186131149354956,2.509213440781442,1.0,1.0,0.8768258920426742,1.340843529677091,1.338691662075334,60,nexus 6.M.41,19,5109,0.982395625780198,60.502003,True,83,,-1.0,68.05188000000001
0.0009999999999999998,0.06399999999999999,0.9084989979148873,0.9986591861739733,2.509213440781442,1.0,1.0,0.8768258920426742,0.8655865475268725,1.338691662075334,61,nexus 6.M.60,19,5865,0.5878315151992987,70.74200400000001,False,83,,-1.0,78.12180000000001
0.0009999999999999998,0.06399999999999999,0.9084989979148873,1.186131149354956,2.509213440781442,1.0,1.0,0.8768258920426742,1.340843529677091,1.338691662075334,60,nexus 6.M.41,20,4989,0.982395625780198,60.933998,True,81,,-1.0,66.45348
0.0009999999999999998,0.06399999999999999,0.9084989979148873,1.186131149354956,2.066798496905668,1.0,1.0,0.8768258920426742,1.340843529677091,1.118640839376949,72,nexus 6.M.60,20,5855,0.7125125824428703,72.000999,False,81,,-1.0,77.9886
0.0009999999999999998,0.06399999999999999,0.9084989979148873,1.186131149354956,2.509213440781442,1.0,1.0,0.8768258920426742,1.340843529677091,1.338691662075334,60,nexus 6.M.41,21,5059,0.982395625780198,62.134003,True,80,,-1.0,67.38588
0.0009999999999999998,1.035590487012142,0.9084989979148873,1.186131149354956,2.451757067190264,1.0,0.7233130839159247,0.8768258920426742,1.340843529677091,0.9150602221676312,73,nexus 6.M.60,21,5069,0.9396204915776996,60.188,False,81,,-1.0,67.51908
0.0009999999999999998,0.06399999999999999,0.9084989979148873,1.186131149354956,2.509213440781442,1.0,1.0,0.8768258920426742,1.340843529677091,1.338691662075334,60,nexus 6.M.41,22,5381,0.982395625780198,61.129002,False,80,,-1.0,71.67492000000001
0.0009999999999999998,1.978457893784781,9.149727852989209,1.426662851568234,2.34247753631998,1.0,1.048745683465766,2.471859727799814,0.8608010825883762,1.171971529165984,74,nexus 6.N.88.97,22,4056,0.8538129905411983,48.943001,True,80,,16.739,54.02592
0.0009999999999999998,1.978457893784781,9.149727852989209,1.426662851568234,2.34247753631998,1.0,1.048745683465766,2.471859727799814,0.8608010825883762,1.171971529165984,74,nexus 6.N.88.97,23,4012,0.8538129905411983,47.939999,True,79,,-1.0,53.43984
0.0009999999999999998,2.196041863800276,10.38865467379887,1.426662851568234,0.7527130664500052,1.0,0.7541827231542356,2.393203240781224,0.8608010825883762,1.49594992252823,75,nexus 6.M.74,23,6083,0.7471052393477174,72.231003,False,79,,-1.0,81.02556000000001
0.0009999999999999998,1.978457893784781,9.149727852989209,1.426662851568234,2.34247753631998,1.0,1.048745683465766,2.471859727799814,0.8608010825883762,1.171971529165984,74,nexus 6.N.88.97,24,3979,0.8538129905411983,47.505001,False,79,,-1.0,53.00028
0.0009999999999999998,1.978457893784781,6.881021148019042,1.565642739045235,2.34247753631998,1.0,1.048745683465766,3.006084948064048,0.6252110207300594,1.171971529165984,76,nexus 6.M.74,24,3658,0.9889410463692864,43.046997,True,79,,-1.0,48.72456
0.0009999999999999998,1.978457893784781,6.881021148019042,1.565642739045235,2.34247753631998,1.0,1.048745683465766,3.006084948064048,0.6252110207300594,1.171971529165984,76,nexus 6.M.74,25,3710,0.9889410463692864,42.825001,False,78,,-1.0,49.4172
0.0009999999999999998,2.384944316701354,6.881021148019042,1.565642739045235,2.34247753631998,1.0,1.240122256977154,3.006084948064048,0.6252110207300594,1.171971529165984,77,nexus 6.M.76,25,3612,0.9889410463692864,43.507,True,78,,-1.0,48.11184
0.0009999999999999998,2.384944316701354,6.881021148019042,1.565642739045235,2.34247753631998,1.0,1.240122256977154,3.006084948064048,0.6252110207300594,1.171971529165984,77,nexus 6.M.76,26,3701,0.9889410463692864,44.109997,True,78,,-1.0,49.29732000000001
0.0009999999999999998,2.384944316701354,5.159365438948016,1.565642739045235,2.34247753631998,1.0,1.240122256977154,2.033513100078173,0.6252110207300594,1.171971529165984,78,nexus 6.M.77,26,3761,0.9889410463692864,43.432999,False,78,,-1.0,50.09652000000001
0.0009999999999999998,2.384944316701354,6.881021148019042,1.565642739045235,2.34247753631998,1.0,1.240122256977154,3.006084948064048,0.6252110207300594,1.171971529165984,77,nexus 6.M.76,27,3583,0.9889410463692864,43.486,True,77,,-1.0,47.72556
0.0009999999999999998,2.384944316701354,6.881021148019042,0.9750619171331399,2.34247753631998,1.0,1.240122256977154,3.006084948064048,0.5572584701642853,1.171971529165984,80,nexus 6.M.77,27,5246,0.2512130745724255,63.588001,False,78,,-1.0,69.87672
0.0009999999999999998,2.384944316701354,6.881021148019042,1.565642739045235,2.34247753631998,1.0,1.240122256977154,3.006084948064048,0.6252110207300594,1.171971529165984,77,nexus 6.M.76,28,3784,0.9889410463692864,44.476997,True,77,,-1.0,50.40288
0.0009999999999999998,1.285584078026463,6.881021148019042,1.565642739045235,1.563088409393838,1.0,1.242696644733679,3.006084948064048,0.6252110207300594,1.156347965566153,81,nexus 6.M.77,28,5093,0.7078049059229757,61.362,False,77,,-1.0,67.83876
0.0009999999999999998,2.384944316701354,6.881021148019042,1.565642739045235,2.34247753631998,1.0,1.240122256977154,3.006084948064048,0.6252110207300594,1.171971529165984,77,nexus 6.M.76,29,3707,0.9889410463692864,44.487,False,76,,-1.0,49.37724
0.0009999999999999998,4.356696662768448,6.881021148019042,1.565642739045235,2.34247753631998,1.0,1.14373342856401,3.006084948064048,0.6252110207300594,1.171971529165984,84,nexus 6.M.77,29,3635,0.9889410463692864,44.225998,True,77,,-1.0,48.4182
0.0009999999999999998,4.356696662768448,6.881021148019042,1.565642739045235,2.34247753631998,1.0,1.14373342856401,3.006084948064048,0.6252110207300594,1.171971529165984,84,nexus 6.M.77,30,3721,0.9889410463692864,43.313999,True,76,,-1.0,49.56372
0.0009999999999999998,4.356696662768448,6.881021148019042,1.650076944882596,2.34247753631998,1.0,1.14373342856401,3.006084948064048,0.4879903536764665,1.171971529165984,86,nexus 6.M.84,30,3770,0.9858665554096208,44.049,False,76,,-1.0,50.21640000000001
0.0009999999999999998,4.356696662768448,6.881021148019042,1.565642739045235,2.34247753631998,1.0,1.14373342856401,3.006084948064048,0.6252110207300594,1.171971529165984,84,nexus 6.M.77,31,3574,0.9889410463692864,43.127003,True,75,,-1.0,47.60568
0.0009999999999999998,4.356696662768448,6.881021148019042,1.660655698667626,2.34247753631998,1.0,1.14373342856401,3.006084948064048,0.8229005186108761,1.171971529165984,88,nexus 6.M.84,31,3713,0.993760447219024,44.382,False,75,,-1.0,49.45716
0.0009999999999999998,4.356696662768448,6.881021148019042,1.565642739045235,2.34247753631998,1.0,1.14373342856401,3.006084948064048,0.6252110207300594,1.171971529165984,84,nexus 6.M.77,32,3715,0.9889410463692864,42.789001,False,75,,-1.0,49.4838
0.0009999999999999998,3.319381113776933,6.881021148019042,1.565642739045235,2.34247753631998,1.0,1.186950197826284,3.006084948064048,0.6252110207300594,1.171971529165984,90,nexus 6.M.84,32,3621,0.9889410463692864,44.725998,True,75,,-1.0,48.23172
0.0009999999999999998,3.319381113776933,6.881021148019042,1.565642739045235,2.34247753631998,1.0,1.186950197826284,3.006084948064048,0.6252110207300594,1.171971529165984,90,nexus 6.M.84,33,3674,0.9889410463692864,44.323002,True,74,,-1.0,48.93768
0.0009999999999999998,3.319381113776933,7.291320627070567,1.565642739045235,2.34247753631998,1.0,1.186950197826284,2.236911634409316,0.6252110207300594,1.171971529165984,94,nexus 6.M.90,33,3729,0.9889410463692864,42.868999,False,74,,-1.0,49.67028
0.0009999999999999998,3.319381113776933,6.881021148019042,1.565642739045235,2.34247753631998,1.0,1.186950197826284,3.006084948064048,0.6252110207300594,1.171971529165984,90,nexus 6.M.84,34,3743,0.9889410463692864,43.806999,False,73,,-1.0,49.85676
0.0009999999999999998,3.319381113776933,8.83242681337912,1.565642739045235,2.34247753631998,1.0,1.186950197826284,2.459387937740621,0.6252110207300594,1.171971529165984,96,nexus 6.M.90,34,3712,0.9191051082181032,42.493999,True,73,,-1.0,49.44384
0.0009999999999999998,3.319381113776933,8.83242681337912,1.565642739045235,2.34247753631998,1.0,1.186950197826284,2.459387937740621,0.6252110207300594,1.171971529165984,96,nexus 6.M.90,35,3659,0.9191051082181032,41.806,True,72,,-1.0,48.73788
0.0009999999999999998,5.495561987704264,8.83242681337912,1.565642739045235,2.34247753631998,1.0,1.472273627475727,2.459387937740621,0.6252110207300594,1.171971529165984,100,nexus 6.M.96,35,3746,0.9191051082181032,44.403999,False,73,,-1.0,49.89672
0.0009999999999999998,3.319381113776933,8.83242681337912,1.565642739045235,2.34247753631998,1.0,1.186950197826284,2.459387937740621,0.6252110207300594,1.171971529165984,96,nexus 6.M.90,36,3707,0.9191051082181032,43.642998,True,72,,-1.0,49.37724
0.0009999999999999998,3.319381113776933,8.83242681337912,1.565642739045235,2.480347487610912,1.0,1.186950197826284,2.459387937740621,0.6252110207300594,1.433380087484913,101,nexus 6.M.96,36,3729,0.9707935569410174,43.77,False,72,,-1.0,49.67028
0.0009999999999999998,3.319381113776933,8.83242681337912,1.565642739045235,2.34247753631998,1.0,1.186950197826284,2.459387937740621,0.6252110207300594,1.171971529165984,96,nexus 6.M.90,37,3700,0.9191051082181032,42.629997,True,72,,-1.0,49.28400000000001
0.0009999999999999998,2.894705736255451,8.83242681337912,1.565642739045235,2.34247753631998,1.0,0.5607584248720073,2.459387937740621,0.6252110207300594,1.171971529165984,102,nexus 6.M.96,37,3828,0.9191051082181032,42.622997,False,72,,-1.0,50.98896
0.0009999999999999998,3.319381113776933,8.83242681337912,1.565642739045235,2.34247753631998,1.0,1.186950197826284,2.459387937740621,0.6252110207300594,1.171971529165984,96,nexus 6.M.90,38,3652,0.9191051082181032,43.098,True,71,,-1.0,48.64464
0.0009999999999999998,5.109557304771419,8.83242681337912,1.565642739045235,2.34247753631998,1.0,1.262205144896762,2.459387937740621,0.6252110207300594,1.171971529165984,103,nexus 6.M.96,38,3687,0.9191051082181032,43.438,False,71,,-1.0,49.11084
0.0009999999999999998,3.319381113776933,8.83242681337912,1.565642739045235,2.34247753631998,1.0,1.186950197826284,2.459387937740621,0.6252110207300594,1.171971529165984,96,nexus 6.M.90,39,3740,0.9191051082181032,43.145,True,70,,-1.0,49.81680000000001
0.0009999999999999998,2.592535406500444,8.83242681337912,1.565642739045235,2.34247753631998,1.0,1.77656302203665,2.459387937740621,0.6252110207300594,1.171971529165984,108,nexus 6.M.96,39,3820,0.9191051082181032,45.953999,False,70,,-1.0,50.8824
0.0009999999999999998,3.319381113776933,8.83242681337912,1.565642739045235,2.34247753631998,1.0,1.186950197826284,2.459387937740621,0.6252110207300594,1.171971529165984,96,nexus 6.M.90,40,3630,0.9191051082181032,43.111,True,70,,-1.0,48.3516
0.0009999999999999998,2.310311288666058,6.79851225174022,1.207840319899649,3.354742565788917,1.0,0.68898082610493,1.21012219411444,0.673256455380404,0.5215174635900023,109,nexus 9.M.179.194,40,3738,0.996038913652332,43.23800300000001,False,70,,32.021999,49.79016
0.0009999999999999998,3.319381113776933,8.83242681337912,1.565642739045235,2.34247753631998,1.0,1.186950197826284,2.459387937740621,0.6252110207300594,1.171971529165984,96,nexus 6.M.90,41,3690,0.9191051082181032,43.267998,True,69,,-1.0,49.1508
0.0009999999999999998,1.101290255070829,8.83242681337912,1.565642739045235,2.34247753631998,1.0,1.542694944033103,2.459387937740621,0.6252110207300594,1.171971529165984,110,nexus 6.M.96,41,3719,0.9191051082181032,43.324001,False,70,,-1.0,49.53708
0.0009999999999999998,3.319381113776933,8.83242681337912,1.565642739045235,2.34247753631998,1.0,1.186950197826284,2.459387937740621,0.6252110207300594,1.171971529165984,96,nexus 6.M.90,42,3779,0.9191051082181032,44.433002,True,69,,-1.0,50.33628
0.0009999999999999998,3.319381113776933,9.214091444956281,1.565642739045235,2.13017021407129,1.0,1.186950197826284,3.12334834989717,0.6252110207300594,1.136951829162487,112,nexus 6.M.96,42,4176,0.8947283759627556,49.078999,False,69,,-1.0,55.62432
0.0009999999999999998,3.319381113776933,8.83242681337912,1.565642739045235,2.34247753631998,1.0,1.186950197826284,2.459387937740621,0.6252110207300594,1.171971529165984,96,nexus 6.M.90,43,3780,0.9191051082181032,43.73299799999999,False,68,,-1.0,50.3496
0.0009999999999999998,3.521074131995612,10.17261199321226,1.565642739045235,2.34247753631998,1.0,1.572787117519783,2.932440479037528,0.6252110207300594,1.171971529165984,116,nexus 6.M.96,43,3702,0.9191051082181032,42.946003,True,68,,-1.0,49.31064
0.0009999999999999998,3.521074131995612,10.17261199321226,1.565642739045235,2.34247753631998,1.0,1.572787117519783,2.932440479037528,0.6252110207300594,1.171971529165984,116,nexus 6.M.96,44,3683,0.9191051082181032,43.023998,False,68,,-1.0,49.05756
0.0009999999999999998,3.521074131995612,9.775665103631141,1.565642739045235,2.34247753631998,1.0,1.572787117519783,4.012684167660406,0.6252110207300594,1.171971529165984,117,nexus 6.M.116,44,3614,0.9191051082181032,43.011002,True,68,,-1.0,48.13848
0.0009999999999999998,3.521074131995612,9.775665103631141,1.565642739045235,2.34247753631998,1.0,1.572787117519783,4.012684167660406,0.6252110207300594,1.171971529165984,117,nexus 6.M.116,45,3751,0.9191051082181032,44.804001,False,67,,-1.0,49.96332
0.0009999999999999998,3.521074131995612,8.302865679781732,1.565642739045235,2.34247753631998,1.0,1.572787117519783,2.595468878484978,0.6252110207300594,1.171971529165984,118,nexus 6.M.117,45,3683,0.9889410463692864,43.353001,True,67,,-1.0,49.05756
0.0009999999999999998,3.521074131995612,8.302865679781732,1.565642739045235,2.34247753631998,1.0,1.572787117519783,2.595468878484978,0.6252110207300594,1.171971529165984,118,nexus 6.M.117,46,3728,0.9889410463692864,43.655998,True,66,,-1.0,49.65696000000001
0.0009999999999999998,2.539616998046494,8.302865679781732,1.565642739045235,2.34247753631998,1.0,1.627864578488319,2.595468878484978,0.6252110207300594,1.171971529165984,120,nexus 6.M.118,46,3745,0.9889410463692864,43.190002,False,66,,-1.0,49.8834
0.0009999999999999998,3.521074131995612,8.302865679781732,1.565642739045235,2.34247753631998,1.0,1.572787117519783,2.595468878484978,0.6252110207300594,1.171971529165984,118,nexus 6.M.117,47,3800,0.9889410463692864,43.045998,False,66,,-1.0,50.616
0.0009999999999999998,4.735379517901989,6.459828354587195,1.565642739045235,2.34247753631998,1.0,2.178655670676511,2.134720238665266,0.6252110207300594,1.171971529165984,122,nexus 6.M.118,47,3778,0.9889410463692864,43.218998,True,66,,-1.0,50.32296
0.0009999999999999998,4.735379517901989,6.459828354587195,1.565642739045235,2.34247753631998,1.0,2.178655670676511,2.134720238665266,0.6252110207300594,1.171971529165984,122,nexus 6.M.118,48,3805,0.9889410463692864,44.334003,True,65,,-1.0,50.6826
0.0009999999999999998,4.735379517901989,6.459828354587195,1.552389261966275,2.073866043645362,1.0,2.178655670676511,2.134720238665266,0.7816309660394791,0.6796067476066266,123,nexus 6.M.122,48,4174,0.916898263997466,49.549,False,66,,-1.0,55.59768000000001
0.0009999999999999998,4.735379517901989,6.459828354587195,1.565642739045235,2.34247753631998,1.0,2.178655670676511,2.134720238665266,0.6252110207300594,1.171971529165984,122,nexus 6.M.118,49,3818,0.9889410463692864,43.989002,True,65,,-1.0,50.85576
0.0009999999999999998,1.013378993413252,6.459828354587195,1.565642739045235,2.34247753631998,1.0,2.290971320248687,2.134720238665266,0.6252110207300594,1.171971529165984,124,nexus 6.M.122,49,3823,0.9889410463692864,44.584,False,65,,-1.0,50.92236
0.0009999999999999998,4.735379517901989,6.459828354587195,1.565642739045235,2.34247753631998,1.0,2.178655670676511,2.134720238665266,0.6252110207300594,1.171971529165984,122,nexus 6.M.118,50,3683,0.9889410463692864,43.606998,True,64,,-1.0,49.05756
0.0009999999999999998,2.285003785293986,6.459828354587195,1.565642739045235,0.7365452469291051,1.0,2.020824513869031,2.134720238665266,0.6252110207300594,1.082454538164316,126,nexus 6.M.122,50,5691,0.3726830979925772,66.604996,False,65,,-1.0,75.80412
0.0009999999999999998,4.735379517901989,6.459828354587195,1.565642739045235,2.34247753631998,1.0,2.178655670676511,2.134720238665266,0.6252110207300594,1.171971529165984,122,nexus 6.M.118,51,3754,0.9889410463692864,42.76700200000001,True,64,,-1.0,50.00328
0.0009999999999999998,4.66752789133878,6.841467214323345,1.565642739045235,2.34247753631998,1.0,1.701631583278161,2.908224461865728,0.6252110207300594,1.171971529165984,128,nexus 6.M.122,51,3797,0.9889410463692864,43.781002,False,64,,-1.0,50.57604000000001
0.0009999999999999998,4.735379517901989,6.459828354587195,1.565642739045235,2.34247753631998,1.0,2.178655670676511,2.134720238665266,0.6252110207300594,1.171971529165984,122,nexus 6.M.118,52,3813,0.9889410463692864,44.799,True,63,,-1.0,50.78916000000001
0.0009999999999999998,4.735379517901989,6.459828354587195,0.9466361570482495,2.34247753631998,1.0,2.178655670676511,2.134720238665266,0.8345870721847815,1.171971529165984,131,nexus 6.M.122,52,4896,0.1621265762272875,56.359997,False,63,,-1.0,65.21472
0.0009999999999999998,4.735379517901989,6.459828354587195,1.565642739045235,2.34247753631998,1.0,2.178655670676511,2.134720238665266,0.6252110207300594,1.171971529165984,122,nexus 6.M.118,53,3796,0.9889410463692864,43.738998,False,63,,-1.0,50.56272000000001
0.0009999999999999998,4.735379517901989,5.39843270542902,1.565642739045235,2.34247753631998,1.0,2.178655670676511,2.249654115188928,0.6252110207300594,1.171971529165984,132,nexus 6.M.122,53,3775,0.9889410463692864,43.401001,True,63,,-1.0,50.283
0.0009999999999999998,4.735379517901989,5.39843270542902,1.565642739045235,2.34247753631998,1.0,2.178655670676511,2.249654115188928,0.6252110207300594,1.171971529165984,132,nexus 6.M.122,54,3839,0.9889410463692864,45.108997,False,62,,-1.0,51.13548
0.0009999999999999998,4.679038630599898,5.39843270542902,1.565642739045235,2.34247753631998,1.0,2.498289728646774,2.249654115188928,0.6252110207300594,1.171971529165984,140,nexus 6.M.132,54,3780,0.9889410463692864,43.432999,True,62,,-1.0,50.3496
0.0009999999999999998,4.679038630599898,5.39843270542902,1.565642739045235,2.34247753631998,1.0,2.498289728646774,2.249654115188928,0.6252110207300594,1.171971529165984,140,nexus 6.M.132,55,3840,0.9889410463692864,43.951,False,61,,-1.0,51.1488
0.0009999999999999998,5.459155546987739,5.39843270542902,1.565642739045235,2.34247753631998,1.0,2.459108695988959,2.249654115188928,0.6252110207300594,1.171971529165984,141,nexus 6.M.140,55,3766,0.9889410463692864,43.611,True,61,,-1.0,50.16312
0.0009999999999999998,5.459155546987739,5.39843270542902,1.565642739045235,2.34247753631998,1.0,2.459108695988959,2.249654115188928,0.6252110207300594,1.171971529165984,141,nexus 6.M.140,56,3837,0.9889410463692864,43.292999,False,61,,-1.0,51.10884000000001
0.0009999999999999998,8.384937015067527,5.39843270542902,1.565642739045235,2.34247753631998,1.0,2.697945441886973,2.249654115188928,0.6252110207300594,1.171971529165984,144,nexus 6.M.141,56,3801,0.9889410463692864,43.760998,True,61,,-1.0,50.62932000000001
0.0009999999999999998,8.384937015067527,5.39843270542902,1.565642739045235,2.34247753631998,1.0,2.697945441886973,2.249654115188928,0.6252110207300594,1.171971529165984,144,nexus 6.M.141,57,3801,0.9889410463692864,44.767998,False,60,,-1.0,50.62932000000001
0.0009999999999999998,8.384937015067527,7.608303287599756,1.565642739045235,2.34247753631998,1.0,2.697945441886973,2.132691037631419,0.6252110207300594,1.171971529165984,146,nexus 6.M.144,57,3799,0.9889410463692864,43.828999,True,60,,-1.0,50.60268
0.0009999999999999998,8.384937015067527,7.608303287599756,1.565642739045235,2.34247753631998,1.0,2.697945441886973,2.132691037631419,0.6252110207300594,1.171971529165984,146,nexus 6.M.144,58,3742,0.9889410463692864,43.168999,False,60,,-1.0,49.84344
0.0009999999999999998,0.7678326518683618,13.34315852971136,1.207840319899649,3.545080518022223,1.0,0.7005757690113587,0.6186339580669403,0.673256455380404,0.5793582911938241,147,nexus 9.M.316.320,58,3284,0.8665023961864776,38.274998,True,60,,16.797001,43.74288
0.0009999999999999998,0.7678326518683618,13.34315852971136,1.207840319899649,3.545080518022223,1.0,0.7005757690113587,0.6186339580669403,0.673256455380404,0.5793582911938241,147,nexus 9.M.316.320,59,3414,0.8665023961864776,38.632,False,59,,-1.0,45.47448
0.0009999999999999998,0.5871919041891781,13.34315852971136,1.207840319899649,3.545080518022223,1.0,0.9531813945524865,0.6186339580669403,0.673256455380404,0.5793582911938241,148,nexus 6.M.147,59,3359,0.8665023961864776,38.094002,True,60,,-1.0,44.74188
0.0009999999999999998,0.5871919041891781,13.34315852971136,1.207840319899649,3.545080518022223,1.0,0.9531813945524865,0.6186339580669403,0.673256455380404,0.5793582911938241,148,nexus 6.M.147,60,3385,0.8665023961864776,37.535999,True,59,,-1.0,45.0882
0.0009999999999999998,0.5871919041891781,13.34315852971136,1.207840319899649,3.416024776830983,1.0,0.9531813945524865,0.6186339580669403,0.673256455380404,0.522994205869576,149,nexus 6.M.148,60,4140,0.8746765181120068,47.203003,False,59,,-1.0,55.1448
0.0009999999999999998,0.5871919041891781,13.34315852971136,1.207840319899649,3.545080518022223,1.0,0.9531813945524865,0.6186339580669403,0.673256455380404,0.5793582911938241,148,nexus 6.M.147,61,3289,0.8665023961864776,37.480999,True,59,,-1.0,43.80948
0.0009999999999999998,0.5871919041891781,13.34315852971136,1.207840319899649,3.716942304344257,1.0,0.9531813945524865,0.6186339580669403,0.673256455380404,0.725419011328529,150,nexus 6.M.148,61,3905,0.9506555566602076,43.701,False,59,,-1.0,52.0146
0.0009999999999999998,0.5871919041891781,13.34315852971136,1.207840319899649,3.545080518022223,1.0,0.9531813945524865,0.6186339580669403,0.673256455380404,0.5793582911938241,148,nexus 6.M.147,62,3299,0.8665023961864776,37.36300300000001,False,58,,-1.0,43.94268
0.0009999999999999998,0.6496902878330777,13.34315852971136,1.207840319899649,3.545080518022223,1.0,0.9092725710560658,0.6186339580669403,0.673256455380404,0.5793582911938241,152,nexus 6.M.148,62,3290,0.8665023961864776,38.313999,True,58,,-1.0,43.82280000000001
0.0009999999999999998,0.6496902878330777,13.34315852971136,1.207840319899649,3.545080518022223,1.0,0.9092725710560658,0.6186339580669403,0.673256455380404,0.5793582911938241,152,nexus 6.M.148,63,3289,0.8665023961864776,37.455002,True,58,,-1.0,43.80948
0.0009999999999999998,0.6496902878330777,13.34315852971136,1.207840319899649,3.856417448758391,1.0,0.9092725710560658,0.6186339580669403,0.673256455380404,0.3728368025920631,155,nexus 6.M.152,63,3899,0.9837755067744852,43.816998,False,58,,-1.0,51.93468000000001
0.0009999999999999998,0.6496902878330777,13.34315852971136,1.207840319899649,3.545080518022223,1.0,0.9092725710560658,0.6186339580669403,0.673256455380404,0.5793582911938241,152,nexus 6.M.148,64,3309,0.8665023961864776,37.735001,True,57,,-1.0,44.07588
0.0009999999999999998,0.6496902878330777,13.34315852971136,1.207840319899649,3.019334031368074,1.0,0.9092725710560658,0.6186339580669403,0.673256455380404,0.4342407665963016,157,nexus 6.M.152,64,4634,0.8202352592762155,51.523998,False,57,,-1.0,61.72488000000001
0.0009999999999999998,0.6496902878330777,13.34315852971136,1.207840319899649,3.545080518022223,1.0,0.9092725710560658,0.6186339580669403,0.673256455380404,0.5793582911938241,152,nexus 6.M.148,65,3321,0.8665023961864776,37.038002,True,57,,-1.0,44.23572
0.0009999999999999998,0.6496902878330777,13.46839772797588,1.207840319899649,3.583401852768574,1.0,0.9092725710560658,0.4068339100166549,0.673256455380404,0.2878773840609394,158,nexus 6.M.152,65,3921,0.9179717864812048,44.896,False,57,,-1.0,52.22772
0.0009999999999999998,0.6496902878330777,13.34315852971136,1.207840319899649,3.545080518022223,1.0,0.9092725710560658,0.6186339580669403,0.673256455380404,0.5793582911938241,152,nexus 6.M.148,66,3333,0.8665023961864776,37.438,True,56,,-1.0,44.39556000000001
0.0009999999999999998,0.6496902878330777,13.52876494595705,1.207840319899649,3.626788624249835,1.0,0.9092725710560658,0.6659479079239776,0.673256455380404,0.6193531704869952,159,nexus 6.M.152,66,3796,0.9286606911349268,44.586998,False,56,,-1.0,50.56272000000001
0.0009999999999999998,0.6496902878330777,13.34315852971136,1.207840319899649,3.545080518022223,1.0,0.9092725710560658,0.6186339580669403,0.673256455380404,0.5793582911938241,152,nexus 6.M.148,67,3260,0.8665023961864776,37.605,True,56,,-1.0,43.4232
0.0009999999999999998,0.8412589120115472,13.34315852971136,1.064420542653108,3.545080518022223,1.0,0.8947148762640207,0.6186339580669403,1.59745894295758,0.5793582911938241,160,nexus 6.M.152,67,4286,0.8138482253467593,48.940998,False,56,,-1.0,57.08952
0.0009999999999999998,0.6496902878330777,13.34315852971136,1.207840319899649,3.545080518022223,1.0,0.9092725710560658,0.6186339580669403,0.673256455380404,0.5793582911938241,152,nexus 6.M.148,68,3323,0.8665023961864776,37.414001,True,55,,-1.0,44.26236
0.0009999999999999998,0.6496902878330777,13.34315852971136,1.207840319899649,3.080069508983512,1.0,0.9092725710560658,0.6186339580669403,0.673256455380404,0.3723352642362927,161,nexus 6.M.152,68,4243,0.8393503692476185,49.022999,False,56,,-1.0,56.51676
0.0009999999999999998,0.6496902878330777,13.34315852971136,1.207840319899649,3.545080518022223,1.0,0.9092725710560658,0.6186339580669403,0.673256455380404,0.5793582911938241,152,nexus 6.M.148,69,3295,0.8665023961864776,37.651001,True,55,,-1.0,43.8894
0.0009999999999999998,0.6496902878330777,13.34315852971136,1.307590058009409,3.545080518022223,1.0,0.9092725710560658,0.6186339580669403,0.6723356322684999,0.5793582911938241,162,nexus 6.M.152,69,3976,0.9986606642031776,44.980999,False,55,,-1.0,52.96032
0.0009999999999999998,0.6496902878330777,13.34315852971136,1.207840319899649,3.545080518022223,1.0,0.9092725710560658,0.6186339580669403,0.673256455380404,0.5793582911938241,152,nexus 6.M.148,70,3392,0.8665023961864776,38.428001,True,54,,-1.0,45.18144
0.0009999999999999998,0.6496902878330777,13.34315852971136,1.207840319899649,3.605755667995612,1.0,0.9092725710560658,0.6186339580669403,0.673256455380404,0.4290780575687521,165,nexus 6.M.152,70,4176,0.923499669631056,47.201,False,54,,-1.0,55.62432
0.0009999999999999998,0.6496902878330777,13.34315852971136,1.207840319899649,3.545080518022223,1.0,0.9092725710560658,0.6186339580669403,0.673256455380404,0.5793582911938241,152,nexus 6.M.148,71,3390,0.8665023961864776,38.705002,True,53,,-1.0,45.1548
0.0009999999999999998,0.6496902878330777,13.34315852971136,1.207840319899649,3.551364026910727,1.0,0.9092725710560658,0.6186339580669403,0.673256455380404,0.7158120152982307,179,nexus 6.M.152,71,3826,0.9099565821528588,43.049999,False,53,,-1.0,50.96232000000001
0.0009999999999999998,0.6496902878330777,13.34315852971136,1.207840319899649,3.545080518022223,1.0,0.9092725710560658,0.6186339580669403,0.673256455380404,0.5793582911938241,152,nexus 6.M.148,72,3469,0.8665023961864776,38.184002,True,52,,-1.0,46.20708
0.0009999999999999998,0.6496902878330777,13.34315852971136,1.417083874065861,3.545080518022223,1.0,0.9092725710560658,0.6186339580669403,0.7067982200226516,0.5793582911938241,180,nexus 6.M.152,72,3683,0.9791336549921172,40.941998,False,52,,-1.0,49.05756
0.0009999999999999998,0.6496902878330777,13.34315852971136,1.207840319899649,3.545080518022223,1.0,0.9092725710560658,0.6186339580669403,0.673256455380404,0.5793582911938241,152,nexus 6.M.148,73,3302,0.8665023961864776,37.048,True,52,,-1.0,43.98264
0.0009999999999999998,2.718894234565622,13.34315852971136,1.207840319899649,3.545080518022223,1.0,0.8857190086872326,0.6186339580669403,0.673256455380404,0.5793582911938241,181,nexus 6.M.152,73,3332,0.8665023961864776,37.831001,False,52,,-1.0,44.38224
0.0009999999999999998,0.6496902878330777,13.34315852971136,1.207840319899649,3.545080518022223,1.0,0.9092725710560658,0.6186339580669403,0.673256455380404,0.5793582911938241,152,nexus 6.M.148,74,3341,0.8665023961864776,37.952,True,51,,-1.0,44.50212000000001
0.0009999999999999998,0.6496902878330777,13.34315852971136,1.125565112595624,3.545080518022223,1.0,0.9092725710560658,0.6186339580669403,1.09648242510889,0.5793582911938241,184,nexus 6.M.152,74,4340,0.8894489334005863,48.38699699999999,False,51,,-1.0,57.8088
0.0009999999999999998,0.6496902878330777,13.34315852971136,1.207840319899649,3.545080518022223,1.0,0.9092725710560658,0.6186339580669403,0.673256455380404,0.5793582911938241,152,nexus 6.M.148,75,3331,0.8665023961864776,37.809998,True,51,,-1.0,44.36892
0.0009999999999999998,0.6496902878330777,13.34315852971136,1.207840319899649,3.812695567868567,1.0,0.9092725710560658,0.6186339580669403,0.673256455380404,0.4797139637762335,185,nexus 6.M.152,75,3479,0.9348679748619314,38.473999,False,51,,-1.0,46.34028000000001
0.0009999999999999998,0.6496902878330777,13.34315852971136,1.207840319899649,3.545080518022223,1.0,0.9092725710560658,0.6186339580669403,0.673256455380404,0.5793582911938241,152,nexus 6.M.148,76,3419,0.8665023961864776,38.846001,False,50,,-1.0,45.54108000000001
0.0009999999999999998,0.6496902878330777,14.95231208568012,1.207840319899649,3.545080518022223,1.0,0.9092725710560658,0.6525870795912122,0.673256455380404,0.5793582911938241,187,nexus 6.M.152,76,3327,0.8665023961864776,37.858002,True,50,,-1.0,44.31564
0.0009999999999999998,0.6496902878330777,14.95231208568012,1.207840319899649,3.545080518022223,1.0,0.9092725710560658,0.6525870795912122,0.673256455380404,0.5793582911938241,187,nexus 6.M.152,77,3330,0.8665023961864776,37.358002,False,50,,-1.0,44.3556
0.0009999999999999998,0.9328305414707595,22.80397441964946,1.117259474523474,3.906676573539337,1.0,1.615821123924158,1.150301676019636,0.6756381378451157,2.275361078299838,188,nexus 6.N.293.305,77,3318,0.7971363058998551,37.514,True,50,,16.774,44.19576
0.0009999999999999998,0.9328305414707595,22.80397441964946,1.117259474523474,3.906676573539337,1.0,1.615821123924158,1.150301676019636,0.6756381378451157,2.275361078299838,188,nexus 6.N.293.305,78,3280,0.7971363058998551,36.086998,True,49,,-1.0,43.6896
0.0009999999999999998,0.9328305414707595,21.92707540101357,1.560669839906141,3.906676573539337,1.0,1.615821123924158,0.7199063154426254,0.6720993830579262,2.275361078299838,197,nexus 6.M.188,78,3867,0.9856929877267224,43.997997,False,49,,-1.0,51.50844
0.0009999999999999998,0.9328305414707595,22.80397441964946,1.117259474523474,3.906676573539337,1.0,1.615821123924158,1.150301676019636,0.6756381378451157,2.275361078299838,188,nexus 6.N.293.305,79,3337,0.7971363058998551,36.68,True,48,,-1.0,44.44884
0.0009999999999999998,0.9328305414707595,23.50567065088104,1.411993020448233,3.906676573539337,1.0,1.615821123924158,0.8581788795374838,0.6224347971338345,2.275361078299838,198,nexus 6.M.188,79,3725,0.9811417952065636,42.526001,False,48,,-1.0,49.617
0.0009999999999999998,0.9328305414707595,22.80397441964946,1.117259474523474,3.906676573539337,1.0,1.615821123924158,1.150301676019636,0.6756381378451157,2.275361078299838,188,nexus 6.N.293.305,80,3339,0.7971363058998551,37.948002,False,48,,-1.0,44.47548
0.0009999999999999998,0.9328305414707595,23.83500996887971,1.117259474523474,3.906676573539337,1.0,1.615821123924158,1.613127929330652,0.6756381378451157,2.275361078299838,202,nexus 6.M.188,80,3303,0.7971363058998551,36.369999,True,48,,-1.0,43.99596
0.0009999999999999998,0.9328305414707595,23.83500996887971,1.117259474523474,3.906676573539337,1.0,1.615821123924158,1.613127929330652,0.6756381378451157,2.275361078299838,202,nexus 6.M.188,81,3292,0.7971363058998551,36.466,True,47,,-1.0,43.84943999999999
0.0009999999999999998,1.072456123578418,23.83500996887971,1.117259474523474,3.906676573539337,1.0,2.403510830338547,1.613127929330652,0.6756381378451157,2.275361078299838,203,nexus 6.M.202,81,3294,0.7971363058998551,37.233997,False,48,,-1.0,43.87608
0.0009999999999999998,0.9328305414707595,23.83500996887971,1.117259474523474,3.906676573539337,1.0,1.615821123924158,1.613127929330652,0.6756381378451157,2.275361078299838,202,nexus 6.M.188,82,3322,0.7971363058998551,38.313,True,46,,-1.0,44.24904
0.0009999999999999998,0.9328305414707595,23.83500996887971,0.9877730361969002,3.906676573539337,1.0,1.615821123924158,1.613127929330652,0.5940296171179581,2.275361078299838,207,nexus 6.M.202,82,4624,0.7588242302142929,52.632,False,47,,-1.0,61.59168
0.0009999999999999998,0.9328305414707595,23.83500996887971,1.117259474523474,3.906676573539337,1.0,1.615821123924158,1.613127929330652,0.6756381378451157,2.275361078299838,202,nexus 6.M.188,83,3322,0.7971363058998551,38.262001,True,46,,-1.0,44.24904
0.0009999999999999998,0.9328305414707595,23.83500996887971,0.9213842466997934,4.807242358550735,1.0,1.615821123924158,1.613127929330652,0.6794315049916693,1.334888774701291,210,nexus 6.M.202,83,4091,0.8128940324906465,46.598,False,46,,-1.0,54.49212000000001
0.0009999999999999998,0.9328305414707595,23.83500996887971,1.117259474523474,3.906676573539337,1.0,1.615821123924158,1.613127929330652,0.6756381378451157,2.275361078299838,202,nexus 6.M.188,84,3328,0.7971363058998551,37.558002,True,46,,-1.0,44.32896
0.0009999999999999998,0.9328305414707595,23.83500996887971,1.117259474523474,3.767213859935024,1.0,1.615821123924158,1.613127929330652,0.6756381378451157,0.8923113603707242,211,nexus 6.M.202,84,4277,0.8079405802524894,48.127998,False,46,,-1.0,56.96964000000001
0.0009999999999999998,0.9328305414707595,23.83500996887971,1.117259474523474,3.906676573539337,1.0,1.615821123924158,1.613127929330652,0.6756381378451157,2.275361078299838,202,nexus 6.M.188,85,3336,0.7971363058998551,37.997997,False,45,,-1.0,44.43552
0.0009999999999999998,6.083934565199803,23.83500996887971,1.117259474523474,3.906676573539337,1.0,2.054684028653553,1.613127929330652,0.6756381378451157,2.275361078299838,212,nexus 6.M.202,85,3295,0.7971363058998551,36.653,True,45,,-1.0,43.8894
0.0009999999999999998,6.083934565199803,23.83500996887971,1.117259474523474,3.906676573539337,1.0,2.054684028653553,1.613127929330652,0.6756381378451157,2.275361078299838,212,nexus 6.M.202,86,3309,0.7971363058998551,36.729,True,45,,-1.0,44.07588
0.0009999999999999998,6.083934565199803,23.83500996887971,0.6398427146261653,3.906676573539337,1.0,2.054684028653553,1.613127929330652,0.7178294947856456,2.275361078299838,213,nexus 6.M.212,86,4988,0.1082498498315692,55.668999,False,45,,-1.0,66.44016
0.0009999999999999998,6.083934565199803,23.83500996887971,1.117259474523474,3.906676573539337,1.0,2.054684028653553,1.613127929330652,0.6756381378451157,2.275361078299838,212,nexus 6.M.202,87,3337,0.7971363058998551,37.123997,False,44,,-1.0,44.44884
0.0009999999999999998,6.083934565199803,23.9976069900126,1.117259474523474,3.906676573539337,1.0,2.054684028653553,1.578465734688326,0.6756381378451157,2.275361078299838,214,nexus 6.M.212,87,3220,0.7971363058998551,36.347,True,44,,-1.0,42.89040000000001
0.0009999999999999998,6.083934565199803,23.9976069900126,1.117259474523474,3.906676573539337,1.0,2.054684028653553,1.578465734688326,0.6756381378451157,2.275361078299838,214,nexus 6.M.212,88,3377,0.7971363058998551,37.351002,False,44,,-1.0,44.98164
0.0009999999999999998,6.083934565199803,28.36068748483266,1.117259474523474,3.906676573539337,1.0,2.054684028653553,2.498271294541116,0.6756381378451157,2.275361078299838,217,nexus 6.M.214,88,3303,0.7971363058998551,37.011002,True,44,,-1.0,43.99596
0.0009999999999999998,6.083934565199803,28.36068748483266,1.117259474523474,3.906676573539337,1.0,2.054684028653553,2.498271294541116,0.6756381378451157,2.275361078299838,217,nexus 6.M.214,89,3282,0.7971363058998551,36.509998,True,43,,-1.0,43.71624
0.0009999999999999998,6.083934565199803,28.36068748483266,1.117259474523474,3.347060747442522,1.0,2.054684028653553,2.498271294541116,0.6756381378451157,1.99672495032532,219,nexus 6.M.217,89,4670,0.7614777813378646,52.105999,False,44,,-1.0,62.2044
0.0009999999999999998,6.083934565199803,28.36068748483266,1.117259474523474,3.906676573539337,1.0,2.054684028653553,2.498271294541116,0.6756381378451157,2.275361078299838,217,nexus 6.M.214,90,3444,0.7971363058998551,36.877998,False,43,,-1.0,45.87408
0.0009999999999999998,6.083934565199803,27.31270950107825,1.117259474523474,3.906676573539337,1.0,2.054684028653553,3.219623044767027,0.6756381378451157,2.275361078299838,220,nexus 6.M.217,90,3315,0.7971363058998551,36.640999,True,43,,-1.0,44.1558
0.0009999999999999998,6.083934565199803,27.31270950107825,1.117259474523474,3.906676573539337,1.0,2.054684028653553,3.219623044767027,0.6756381378451157,2.275361078299838,220,nexus 6.M.217,91,3373,0.7971363058998551,37.850002,True,43,,-1.0,44.92836
0.0009999999999999998,6.083934565199803,24.32107373361357,1.518483441838446,3.906676573539337,1.0,2.054684028653553,2.738490984105099,0.5754580660205831,2.275361078299838,221,nexus 6.M.220,91,3830,0.9654170485182014,42.975998,False,43,,-1.0,51.01560000000001
0.0009999999999999998,6.083934565199803,27.31270950107825,1.117259474523474,3.906676573539337,1.0,2.054684028653553,3.219623044767027,0.6756381378451157,2.275361078299838,220,nexus 6.M.217,92,3355,0.7971363058998551,37.116001,True,42,,-1.0,44.6886
0.0009999999999999998,6.083934565199803,28.38209140181289,1.117259474523474,3.906676573539337,1.0,2.054684028653553,4.438237860378607,0.6756381378451157,2.275361078299838,222,nexus 6.M.220,92,3394,0.7971363058998551,37.251999,False,42,,-1.0,45.20808
0.0009999999999999998,6.083934565199803,27.31270950107825,1.117259474523474,3.906676573539337,1.0,2.054684028653553,3.219623044767027,0.6756381378451157,2.275361078299838,220,nexus 6.M.217,93,3352,0.7971363058998551,36.686001,True,42,,-1.0,44.64864
0.0009999999999999998,6.083934565199803,27.31270950107825,1.117259474523474,2.339596817802166,1.0,2.054684028653553,3.219623044767027,0.6756381378451157,1.856560621107053,223,nexus 6.M.220,93,5364,0.4517978198615747,59.583,False,42,,-1.0,71.44848
0.0009999999999999998,6.083934565199803,27.31270950107825,1.117259474523474,3.906676573539337,1.0,2.054684028653553,3.219623044767027,0.6756381378451157,2.275361078299838,220,nexus 6.M.217,94,3399,0.7971363058998551,37.948002,True,41,,-1.0,45.27468
0.0009999999999999998,6.083934565199803,27.31270950107825,1.117259474523474,3.762621331199437,1.0,2.054684028653553,3.219623044767027,0.6756381378451157,1.972358230760139,224,nexus 6.M.220,94,4131,0.8068976069204401,46.633999,False,42,,-1.0,55.02492000000001
0.0009999999999999998,6.083934565199803,27.31270950107825,1.117259474523474,3.906676573539337,1.0,2.054684028653553,3.219623044767027,0.6756381378451157,2.275361078299838,220,nexus 6.M.217,95,3134,0.7971363058998551,38.400002,True,41,,-1.0,41.74488
0.0009999999999999998,6.083934565199803,27.31270950107825,1.279303545099264,3.906676573539337,1.0,2.054684028653553,3.219623044767027,0.8138848283470689,2.275361078299838,225,nexus 6.M.220,95,3715,0.9037770294591724,44.429001,False,41,,-1.0,49.4838
0.0009999999999999998,6.083934565199803,27.31270950107825,1.117259474523474,3.906676573539337,1.0,2.054684028653553,3.219623044767027,0.6756381378451157,2.275361078299838,220,nexus 6.M.217,96,3091,0.7971363058998551,37.195999,True,41,,-1.0,41.17212000000001
0.0009999999999999998,9.114763282579537,30.20097963375654,1.117259474523474,3.906676573539337,1.0,2.068055150543028,2.087185571129193,0.6756381378451157,2.275361078299838,226,nexus 6.M.220,96,3121,0.7971363058998551,37.591,False,41,,-1.0,41.57172000000001
0.0009999999999999998,6.083934565199803,27.31270950107825,1.117259474523474,3.906676573539337,1.0,2.054684028653553,3.219623044767027,0.6756381378451157,2.275361078299838,220,nexus 6.M.217,97,3161,0.7971363058998551,38.556,True,40,,-1.0,42.10452
0.0009999999999999998,4.618365714301178,27.31270950107825,1.117259474523474,3.906676573539337,1.0,1.686592756911292,3.219623044767027,0.6756381378451157,2.275361078299838,228,nexus 6.M.220,97,3225,0.7971363058998551,38.846001,False,40,,-1.0,42.957
0.0009999999999999998,6.083934565199803,27.31270950107825,1.117259474523474,3.906676573539337,1.0,2.054684028653553,3.219623044767027,0.6756381378451157,2.275361078299838,220,nexus 6.M.217,98,3387,0.7971363058998551,38.153999,True,40,,-1.0,45.11484
0.0009999999999999998,0.7666003327273999,14.01616179728802,1.207840319899649,3.545080518022223,1.0,0.2534417190207572,0.2297009957323371,0.673256455380404,0.5793582911938241,229,nexus 9.M.498.504,98,3396,0.8665023961864776,37.694,False,40,,21.601999,45.23472
0.0009999999999999998,6.083934565199803,27.31270950107825,1.117259474523474,3.906676573539337,1.0,2.054684028653553,3.219623044767027,0.6756381378451157,2.275361078299838,220,nexus 6.M.217,99,3471,0.7971363058998551,38.334999,False,39,,-1.0,46.23372
0.0009999999999999998,8.128461966524267,29.88802579715378,1.117259474523474,3.906676573539337,1.0,2.460936835719927,2.930947397438605,0.6756381378451157,2.275361078299838,230,nexus 6.M.220,99,3344,0.7971363058998551,36.997002,True,40,,-1.0,44.54208
0.0009999999999999998,8.128461966524267,29.88802579715378,1.117259474523474,3.906676573539337,1.0,2.460936835719927,2.930947397438605,0.6756381378451157,2.275361078299838,230,nexus 6.M.220,100,3367,0.7971363058998551,37.434002,True,39,,-1.0,44.84844
0.0009999999999999998,8.128461966524267,28.36562858347524,1.117259474523474,3.906676573539337,1.0,2.460936835719927,3.169889931049951,0.6756381378451157,2.275361078299838,232,nexus 6.M.230,100,3432,0.7971363058998551,37.182999,False,39,,-1.0,45.71424
0.0009999999999999998,8.128461966524267,29.88802579715378,1.117259474523474,3.906676573539337,1.0,2.460936835719927,2.930947397438605,0.6756381378451157,2.275361078299838,230,nexus 6.M.220,101,3386,0.7971363058998551,36.487999,True,38,,-1.0,45.10152000000001
0.0009999999999999998,4.488793296030535,29.88802579715378,0.9997685531779268,3.906676573539337,1.0,1.952850524847329,2.930947397438605,0.3819718476592854,2.275361078299838,236,nexus 6.M.230,101,4359,0.772703950138688,47.485001,False,38,,-1.0,58.06188000000001
0.0009999999999999998,8.128461966524267,29.88802579715378,1.117259474523474,3.906676573539337,1.0,2.460936835719927,2.930947397438605,0.6756381378451157,2.275361078299838,230,nexus 6.M.220,102,3098,0.7971363058998551,36.943001,True,38,,-1.0,41.26536
0.0009999999999999998,8.128461966524267,29.88802579715378,1.117259474523474,4.865776373832845,1.0,2.460936835719927,2.930947397438605,0.6756381378451157,2.265539471559014,237,nexus 6.M.230,102,3511,0.9225047157752784,42.487,False,38,,-1.0,46.76652
0.0009999999999999998,8.128461966524267,29.88802579715378,1.117259474523474,3.906676573539337,1.0,2.460936835719927,2.930947397438605,0.6756381378451157,2.275361078299838,230,nexus 6.M.220,103,3223,0.7971363058998551,38.762001,True,37,,-1.0,42.93036
0.0009999999999999998,8.128461966524267,29.88802579715378,1.40389510105041,3.816704030884194,1.0,2.460936835719927,2.930947397438605,0.4449306074133628,2.608736489679179,238,nexus 6.M.230,103,3701,0.9576970501695478,46.125,False,37,,-1.0,49.29732000000001
0.0009999999999999998,8.128461966524267,29.88802579715378,1.117259474523474,3.906676573539337,1.0,2.460936835719927,2.930947397438605,0.6756381378451157,2.275361078299838,230,nexus 6.M.220,104,3214,0.7971363058998551,38.53700300000001,True,36,,-1.0,42.81048000000001
0.0009999999999999998,8.128461966524267,29.88802579715378,1.117259474523474,3.352318022718657,1.0,2.460936835719927,2.930947397438605,0.6756381378451157,1.356738424084191,242,nexus 6.M.230,104,4410,0.7630152542397506,54.560001,False,36,,-1.0,58.74120000000001
0.0009999999999999998,8.128461966524267,29.88802579715378,1.117259474523474,3.906676573539337,1.0,2.460936835719927,2.930947397438605,0.6756381378451157,2.275361078299838,230,nexus 6.M.220,105,3171,0.7971363058998551,38.77,True,36,,-1.0,42.23772
0.0009999999999999998,7.657976860830542,29.88802579715378,1.117259474523474,3.906676573539337,1.0,2.762126118686359,2.930947397438605,0.6756381378451157,2.275361078299838,243,nexus 6.M.230,105,3222,0.7971363058998551,38.747002,False,36,,-1.0,42.91704
0.0009999999999999998,8.128461966524267,29.88802579715378,1.117259474523474,3.906676573539337,1.0,2.460936835719927,2.930947397438605,0.6756381378451157,2.275361078299838,230,nexus 6.M.220,106,3122,0.7971363058998551,37.648003,True,35,,-1.0,41.58504
0.0009999999999999998,8.128461966524267,29.88802579715378,1.222008069166139,3.906676573539337,1.0,2.460936835719927,2.930947397438605,0.3821334367557159,2.275361078299838,244,nexus 6.M.230,106,3707,0.8618911019073526,44.786003,False,36,,-1.0,49.37724
0.0009999999999999998,8.128461966524267,29.88802579715378,1.117259474523474,3.906676573539337,1.0,2.460936835719927,2.930947397438605,0.6756381378451157,2.275361078299838,230,nexus 6.M.220,107,3193,0.7971363058998551,38.163998,True,35,,-1.0,42.53076
0.0009999999999999998,8.128461966524267,29.88802579715378,1.239941042719456,3.906676573539337,1.0,2.460936835719927,2.930947397438605,0.4596184486951131,2.275361078299838,245,nexus 6.M.230,107,3803,0.8753422112333185,44.396,False,35,,-1.0,50.65596
0.0009999999999999998,8.128461966524267,29.88802579715378,1.117259474523474,3.906676573539337,1.0,2.460936835719927,2.930947397438605,0.6756381378451157,2.275361078299838,230,nexus 6.M.220,108,3206,0.7971363058998551,38.050999,True,34,,-1.0,42.70392
0.0009999999999999998,8.128461966524267,29.12053336560632,1.117259474523474,1.437284941949669,1.0,2.460936835719927,2.361413974506029,0.6756381378451157,2.150687623106989,250,nexus 6.M.230,108,5567,0.2607095936426859,68.263,False,35,,-1.0,74.15244000000001
0.0009999999999999998,8.128461966524267,29.88802579715378,1.117259474523474,3.906676573539337,1.0,2.460936835719927,2.930947397438605,0.6756381378451157,2.275361078299838,230,nexus 6.M.220,109,3194,0.7971363058998551,37.646999,False,34,,-1.0,42.54408
0.0009999999999999998,8.128461966524267,34.75434013119192,1.117259474523474,3.906676573539337,1.0,2.460936835719927,5.060129046220048,0.6756381378451157,2.275361078299838,251,nexus 6.M.230,109,3156,0.7971363058998551,36.991001,True,34,,-1.0,42.03792
0.0009999999999999998,8.128461966524267,34.75434013119192,1.117259474523474,3.906676573539337,1.0,2.460936835719927,5.060129046220048,0.6756381378451157,2.275361078299838,251,nexus 6.M.230,110,3160,0.7971363058998551,37.198997,True,34,,-1.0,42.0912
0.0009999999999999998,8.128461966524267,34.75434013119192,1.790360750402823,3.194402316679133,1.0,2.460936835719927,5.060129046220048,0.4707360037076116,2.0289494640489,253,nexus 6.M.251,110,3844,0.972166982945102,46.078003,False,34,,-1.0,51.20208
0.0009999999999999998,8.128461966524267,34.75434013119192,1.117259474523474,3.906676573539337,1.0,2.460936835719927,5.060129046220048,0.6756381378451157,2.275361078299838,251,nexus 6.M.230,111,3176,0.7971363058998551,37.831001,True,33,,-1.0,42.30432
0.0009999999999999998,8.129609645912623,34.75434013119192,1.338548367019753,3.906676573539337,1.0,3.285743062925993,5.060129046220048,0.468830490616788,2.275361078299838,255,nexus 6.M.251,111,3493,0.92437265663567,41.833,False,33,,-1.0,46.52676
0.0009999999999999998,8.128461966524267,34.75434013119192,1.117259474523474,3.906676573539337,1.0,2.460936835719927,5.060129046220048,0.6756381378451157,2.275361078299838,251,nexus 6.M.230,112,3258,0.7971363058998551,38.902,True,33,,-1.0,43.39656
0.0009999999999999998,5.598711543998012,34.75434013119192,1.117259474523474,3.906676573539337,1.0,2.842147427931272,5.060129046220048,0.6756381378451157,2.275361078299838,256,nexus 6.M.251,112,3285,0.7971363058998551,38.813999,False,33,,-1.0,43.7562
0.0009999999999999998,8.128461966524267,34.75434013119192,1.117259474523474,3.906676573539337,1.0,2.460936835719927,5.060129046220048,0.6756381378451157,2.275361078299838,251,nexus 6.M.230,113,3186,0.7971363058998551,38.704002,False,32,,-1.0,42.43752
0.0009999999999999998,7.982408243856966,34.75434013119192,1.117259474523474,3.906676573539337,1.0,2.238727068041079,5.060129046220048,0.6756381378451157,2.275361078299838,257,nexus 6.M.251,113,3164,0.7971363058998551,37.109001,True,32,,-1.0,42.14448000000001
0.0009999999999999998,7.982408243856966,34.75434013119192,1.117259474523474,3.906676573539337,1.0,2.238727068041079,5.060129046220048,0.6756381378451157,2.275361078299838,257,nexus 6.M.251,114,3263,0.7971363058998551,38.646999,True,31,,-1.0,43.46316
0.0009999999999999998,7.982408243856966,34.75434013119192,1.117259474523474,5.875303215738468,1.0,2.238727068041079,5.060129046220048,0.6756381378451157,1.883721948548359,259,nexus 6.M.257,114,3910,0.9878192893849655,46.041,False,32,,-1.0,52.0812
0.0009999999999999998,7.982408243856966,34.75434013119192,1.117259474523474,3.906676573539337,1.0,2.238727068041079,5.060129046220048,0.6756381378451157,2.275361078299838,257,nexus 6.M.251,115,3179,0.7971363058998551,37.878998,True,31,,-1.0,42.34428
0.0009999999999999998,7.872431325768608,35.90851416830515,1.117259474523474,3.906676573539337,1.0,1.734092818761347,2.969055354141331,0.6756381378451157,2.275361078299838,264,nexus 6.M.257,115,3223,0.7971363058998551,38.958,False,31,,-1.0,42.93036
0.0009999999999999998,7.982408243856966,34.75434013119192,1.117259474523474,3.906676573539337,1.0,2.238727068041079,5.060129046220048,0.6756381378451157,2.275361078299838,257,nexus 6.M.251,116,3223,0.7971363058998551,37.834,False,30,,-1.0,42.93036
0.0009999999999999998,6.958286442016575,34.75434013119192,1.117259474523474,3.906676573539337,1.0,2.004692782661583,5.060129046220048,0.6756381378451157,2.275361078299838,265,nexus 6.M.257,116,3213,0.7971363058998551,38.893002,True,30,,-1.0,42.79716
0.0009999999999999998,6.958286442016575,34.75434013119192,1.117259474523474,3.906676573539337,1.0,2.004692782661583,5.060129046220048,0.6756381378451157,2.275361078299838,265,nexus 6.M.257,117,3195,0.7971363058998551,37.112,True,30,,-1.0,42.5574
0.0009999999999999998,2.562467364557858,39.14781935287284,1.117259474523474,3.906676573539337,1.0,0.368443630785356,6.980180186560578,0.6756381378451157,2.275361078299838,266,nexus 6.N.400.401,117,3235,0.7343004869424389,38.556999,False,30,,22.058001,43.0902
0.0009999999999999998,6.958286442016575,34.75434013119192,1.117259474523474,3.906676573539337,1.0,2.004692782661583,5.060129046220048,0.6756381378451157,2.275361078299838,265,nexus 6.M.257,118,3388,0.7971363058998551,38.292999,False,29,,-1.0,45.12816
0.0009999999999999998,5.226917145813901,34.75434013119192,1.117259474523474,3.906676573539337,1.0,2.087090915012254,5.060129046220048,0.6756381378451157,2.275361078299838,267,nexus 6.M.265,118,3177,0.7971363058998551,37.116001,True,30,,-1.0,42.31764
0.0009999999999999998,5.226917145813901,34.75434013119192,1.117259474523474,3.906676573539337,1.0,2.087090915012254,5.060129046220048,0.6756381378451157,2.275361078299838,267,nexus 6.M.265,119,3238,0.7971363058998551,38.785999,False,29,,-1.0,43.13016
0.0009999999999999998,5.226917145813901,32.80313892361434,1.117259474523474,3.906676573539337,1.0,2.087090915012254,6.081582604608129,0.6756381378451157,2.275361078299838,269,nexus 6.M.267,119,3192,0.7971363058998551,37.195,True,29,,-1.0,42.51744
0.0009999999999999998,5.226917145813901,32.80313892361434,1.117259474523474,3.906676573539337,1.0,2.087090915012254,6.081582604608129,0.6756381378451157,2.275361078299838,269,nexus 6.M.267,120,3148,0.7971363058998551,36.708,True,29,,-1.0,41.93136000000001
0.0009999999999999998,6.801081185132317,32.80313892361434,1.117259474523474,3.906676573539337,1.0,1.429486256009913,6.081582604608129,0.6756381378451157,2.275361078299838,271,nexus 6.M.269,120,3199,0.7971363058998551,38.319,False,29,,-1.0,42.61068
0.0009999999999999998,5.226917145813901,32.80313892361434,1.117259474523474,3.906676573539337,1.0,2.087090915012254,6.081582604608129,0.6756381378451157,2.275361078299838,269,nexus 6.M.267,121,3223,0.7971363058998551,38.159,True,28,,-1.0,42.93036
0.0009999999999999998,5.226917145813901,32.80313892361434,0.6294924279912737,3.906676573539337,1.0,2.087090915012254,6.081582604608129,0.4636984640513214,2.275361078299838,273,nexus 6.M.269,121,5392,0.06573264388000008,64.362999,False,28,,-1.0,71.82144000000001
0.0009999999999999998,5.226917145813901,32.80313892361434,1.117259474523474,3.906676573539337,1.0,2.087090915012254,6.081582604608129,0.6756381378451157,2.275361078299838,269,nexus 6.M.267,122,3274,0.7971363058998551,38.704002,False,28,,-1.0,43.60968
0.0009999999999999998,5.226917145813901,27.39243562634418,1.117259474523474,3.906676573539337,1.0,2.087090915012254,5.799821879947114,0.6756381378451157,2.275361078299838,274,nexus 6.M.269,122,3271,0.7971363058998551,38.091999,True,28,,-1.0,43.56972
0.0009999999999999998,5.226917145813901,27.39243562634418,1.117259474523474,3.906676573539337,1.0,2.087090915012254,5.799821879947114,0.6756381378451157,2.275361078299838,274,nexus 6.M.269,123,3311,0.7971363058998551,38.692001,True,27,,-1.0,44.10252
0.0009999999999999998,9.109887718963355,25.41377031931934,1.736605348504205,2.972100659171942,1.0,3.30579314039072,4.289061923679681,0.4724814101055806,2.793649037648107,275,nexus 6.M.274,123,3398,0.97753194316759,39.616001,False,28,,-1.0,45.26136
0.0009999999999999998,5.226917145813901,27.39243562634418,1.117259474523474,3.906676573539337,1.0,2.087090915012254,5.799821879947114,0.6756381378451157,2.275361078299838,274,nexus 6.M.269,124,3237,0.7971363058998551,38.423,True,27,,-1.0,43.11684
0.0009999999999999998,5.226917145813901,27.39243562634418,1.082772017238674,3.906676573539337,1.0,2.087090915012254,5.799821879947114,0.465925599914719,2.275361078299838,276,nexus 6.M.274,124,3657,0.8052194575473912,43.258003,False,27,,-1.0,48.71124
0.0009999999999999998,5.226917145813901,27.39243562634418,1.117259474523474,3.906676573539337,1.0,2.087090915012254,5.799821879947114,0.6756381378451157,2.275361078299838,274,nexus 6.M.269,125,3321,0.7971363058998551,38.580997,False,27,,-1.0,44.23572
0.0009999999999999998,5.226917145813901,24.18013821223825,1.117259474523474,3.906676573539337,1.0,2.087090915012254,5.294309382809382,0.6756381378451157,2.275361078299838,278,nexus 6.M.274,125,3284,0.7971363058998551,38.010998,True,27,,-1.0,43.74288
0.0009999999999999998,5.226917145813901,24.18013821223825,1.117259474523474,3.906676573539337,1.0,2.087090915012254,5.294309382809382,0.6756381378451157,2.275361078299838,278,nexus 6.M.274,126,3254,0.7971363058998551,37.96700300000001,True,26,,-1.0,43.34328
0.0009999999999999998,5.226917145813901,24.18013821223825,1.117259474523474,4.536538109089012,1.0,2.087090915012254,5.294309382809382,0.6756381378451157,2.082177320574647,282,nexus 6.M.278,126,3834,0.8905190633459245,44.318001,False,26,,-1.0,51.06888
0.0009999999999999998,5.226917145813901,24.18013821223825,1.117259474523474,3.906676573539337,1.0,2.087090915012254,5.294309382809382,0.6756381378451157,2.275361078299838,278,nexus 6.M.274,127,3357,0.7971363058998551,39.052998,True,25,,-1.0,44.71524000000001
0.0009999999999999998,5.226917145813901,24.18013821223825,1.048222500871322,3.906676573539337,1.0,2.087090915012254,5.294309382809382,0.7423192596761005,2.275361078299838,285,nexus 6.M.278,127,4189,0.8312259302152862,49.006001,False,26,,-1.0,55.79748
0.0009999999999999998,5.226917145813901,24.18013821223825,1.117259474523474,3.906676573539337,1.0,2.087090915012254,5.294309382809382,0.6756381378451157,2.275361078299838,278,nexus 6.M.274,128,3389,0.7971363058998551,39.923,False,25,,-1.0,45.14148
0.0009999999999999998,6.740646338756372,24.18013821223825,1.117259474523474,3.906676573539337,1.0,2.090305721324218,5.294309382809382,0.6756381378451157,2.275361078299838,288,nexus 6.M.278,128,3374,0.7971363058998551,39.221001,True,25,,-1.0,44.94168000000001
0.0009999999999999998,6.740646338756372,24.18013821223825,1.117259474523474,3.906676573539337,1.0,2.090305721324218,5.294309382809382,0.6756381378451157,2.275361078299838,288,nexus 6.M.278,129,3325,0.7971363058998551,38.68,False,24,,-1.0,44.289
0.0009999999999999998,5.626668867771181,26.255702852343,1.117259474523474,3.906676573539337,1.0,0.9079120576311593,3.637935900974517,0.6756381378451157,2.275361078299838,289,nexus 6.M.288,129,3319,0.7971363058998551,39.289997,True,24,,-1.0,44.20908
0.0009999999999999998,5.626668867771181,26.255702852343,1.117259474523474,3.906676573539337,1.0,0.9079120576311593,3.637935900974517,0.6756381378451157,2.275361078299838,289,nexus 6.M.288,130,3310,0.7971363058998551,37.608002,True,24,,-1.0,44.08920000000001
0.0009999999999999998,5.626668867771181,23.30257869438823,1.117259474523474,5.171557578983449,1.0,0.9079120576311593,4.818641489777622,0.6756381378451157,3.589730611567512,290,nexus 6.M.289,130,3761,0.9772063285257838,44.795998,False,24,,-1.0,50.09652000000001
0.0009999999999999998,5.626668867771181,26.255702852343,1.117259474523474,3.906676573539337,1.0,0.9079120576311593,3.637935900974517,0.6756381378451157,2.275361078299838,289,nexus 6.M.288,131,3274,0.7971363058998551,37.789997,True,23,,-1.0,43.60968
0.0009999999999999998,5.626668867771181,26.255702852343,2.2707376334848,0.4483724137426929,1.0,0.9079120576311593,3.637935900974517,0.7436480490902778,2.387646072207009,293,nexus 6.M.289,131,5266,0.2029491185967669,61.098,False,23,,-1.0,70.14312
0.0009999999999999998,5.626668867771181,26.255702852343,1.117259474523474,3.906676573539337,1.0,0.9079120576311593,3.637935900974517,0.6756381378451157,2.275361078299838,289,nexus 6.M.288,132,3371,0.7971363058998551,38.635002,True,23,,-1.0,44.90172
0.0009999999999999998,6.209165990305269,27.23851543991863,1.117259474523474,4.104928808272426,1.0,0.570895709120715,3.463304558711202,0.6756381378451157,3.303990477314801,294,nexus 6.M.289,132,3881,0.8804617728303521,45.250999,False,23,,-1.0,51.69492
0.0009999999999999998,5.626668867771181,26.255702852343,1.117259474523474,3.906676573539337,1.0,0.9079120576311593,3.637935900974517,0.6756381378451157,2.275361078299838,289,nexus 6.M.288,133,3319,0.7971363058998551,36.713001,False,22,,-1.0,44.20908
0.0009999999999999998,5.626668867771181,21.23229354482627,1.117259474523474,3.906676573539337,1.0,0.9079120576311593,4.925982266061265,0.6756381378451157,2.275361078299838,295,nexus 6.M.289,133,3295,0.7971363058998551,37.628002,True,23,,-1.0,43.8894
0.0009999999999999998,5.626668867771181,21.23229354482627,1.117259474523474,3.906676573539337,1.0,0.9079120576311593,4.925982266061265,0.6756381378451157,2.275361078299838,295,nexus 6.M.289,134,3362,0.7971363058998551,38.525002,True,22,,-1.0,44.78184
0.0009999999999999998,5.626668867771181,22.01264817409603,1.117259474523474,3.906676573539337,1.0,0.9079120576311593,5.385131353442561,0.6756381378451157,2.275361078299838,296,nexus 6.M.295,134,3371,0.7971363058998551,39.702999,False,22,,-1.0,44.90172
0.0009999999999999998,5.626668867771181,21.23229354482627,1.117259474523474,3.906676573539337,1.0,0.9079120576311593,4.925982266061265,0.6756381378451157,2.275361078299838,295,nexus 6.M.289,135,3269,0.7971363058998551,36.866001,True,22,,-1.0,43.54308
0.0009999999999999998,5.626668867771181,21.23229354482627,0.7159214987777361,3.906676573539337,1.0,0.9079120576311593,4.925982266061265,0.5069769283576647,2.275361078299838,297,nexus 6.M.295,135,5555,0.3644227834476742,63.219002,False,22,,-1.0,73.9926
0.0009999999999999998,5.626668867771181,21.23229354482627,1.117259474523474,3.906676573539337,1.0,0.9079120576311593,4.925982266061265,0.6756381378451157,2.275361078299838,295,nexus 6.M.289,136,3456,0.7971363058998551,38.875,False,21,,-1.0,46.03392
0.0009999999999999998,5.626668867771181,21.24639429362787,1.117259474523474,3.906676573539337,1.0,0.9079120576311593,4.180470906667088,0.6756381378451157,2.275361078299838,299,nexus 6.M.295,136,3346,0.7971363058998551,38.22799699999999,True,21,,-1.0,44.56872000000001
0.0009999999999999998,5.626668867771181,21.24639429362787,1.117259474523474,3.906676573539337,1.0,0.9079120576311593,4.180470906667088,0.6756381378451157,2.275361078299838,299,nexus 6.M.295,137,3290,0.7971363058998551,36.963001,True,20,,-1.0,43.82280000000001
0.0009999999999999998,4.976252435947633,21.24639429362787,1.117259474523474,3.583491002235233,1.0,0.8600651495290718,4.180470906667088,0.6756381378451157,1.554885541085942,301,nexus 6.M.299,137,4297,0.8259371733447926,49.355,False,21,,-1.0,57.23604
0.0009999999999999998,5.626668867771181,21.24639429362787,1.117259474523474,3.906676573539337,1.0,0.9079120576311593,4.180470906667088,0.6756381378451157,2.275361078299838,299,nexus 6.M.295,138,3431,0.7971363058998551,38.552002,False,20,,-1.0,45.70092
0.005491803302039409,1.371939712423461,9.393993308488215,1.108852255857666,4.004253177595197,0.7472557972258912,0.3586301558087224,2.3423528837937,1.393821159618959,0.7238561782192955,302,moto g play.M.572.575,138,1167,0.9399851143226691,12.755,True,20,,29.120001,15.54444
0.005491803302039409,1.371939712423461,9.393993308488215,1.108852255857666,4.004253177595197,0.7472557972258912,0.3586301558087224,2.3423528837937,1.393821159618959,0.7238561782192955,302,moto g play.M.572.575,139,1119,0.9399851143226691,12.299999,True,20,,-1.0,14.90508
0.005491803302039409,1.371939712423461,7.90426504226529,1.108852255857666,4.004253177595197,0.7472557972258912,0.3586301558087224,4.498180882023012,1.393821159618959,0.7238561782192955,303,nexus 6.M.302,139,1123,0.9399851143226691,12.335,False,20,,-1.0,14.95836
0.005491803302039409,1.371939712423461,9.393993308488215,1.108852255857666,4.004253177595197,0.7472557972258912,0.3586301558087224,2.3423528837937,1.393821159618959,0.7238561782192955,302,moto g play.M.572.575,140,1153,0.9399851143226691,13.014,True,20,,-1.0,15.35796
0.005491803302039409,1.371939712423461,9.393993308488215,1.108852255857666,3.787689990188693,0.7472557972258912,0.3586301558087224,2.3423528837937,1.393821159618959,1.311086478582787,304,nexus 6.M.302,140,1502,0.9792302790022166,15.713,False,20,,-1.0,20.00664
0.005491803302039409,1.371939712423461,9.393993308488215,1.108852255857666,4.004253177595197,0.7472557972258912,0.3586301558087224,2.3423528837937,1.393821159618959,0.7238561782192955,302,moto g play.M.572.575,141,1136,0.9399851143226691,12.395,True,20,,-1.0,15.13152
0.005491803302039409,1.371939712423461,9.393993308488215,0.7298445417460531,4.004253177595197,0.7472557972258912,0.3586301558087224,2.3423528837937,1.029263844695034,0.7238561782192955,305,nexus 6.M.302,141,1763,0.6506039475306241,19.576,False,20,,-1.0,23.48316
0.005491803302039409,1.371939712423461,9.393993308488215,1.108852255857666,4.004253177595197,0.7472557972258912,0.3586301558087224,2.3423528837937,1.393821159618959,0.7238561782192955,302,moto g play.M.572.575,142,1199,0.9399851143226691,12.650001,False,20,,-1.0,15.97068
0.005491803302039409,1.514634798444333,9.393993308488215,1.108852255857666,4.004253177595197,0.7472557972258912,0.3602101697715974,2.3423528837937,1.393821159618959,0.7238561782192955,306,nexus 6.M.302,142,1148,0.9399851143226691,12.401,True,20,,-1.0,15.29136
0.005491803302039409,1.514634798444333,9.393993308488215,1.108852255857666,4.004253177595197,0.7472557972258912,0.3602101697715974,2.3423528837937,1.393821159618959,0.7238561782192955,306,nexus 6.M.302,143,1152,0.9399851143226691,12.507999,False,19,,-1.0,15.34464
0.005491803302039409,1.568506555983661,9.393993308488215,1.108852255857666,4.004253177595197,0.7472557972258912,0.4168804879067445,2.3423528837937,1.393821159618959,0.7238561782192955,307,nexus 6.M.306,143,1125,0.9399851143226691,12.761,True,19,,-1.0,14.985
